{
  "benchmark": "four_group",
  "dataset": "/Users/erwin/Downloads/codespace/Plasmod/plasmod_test_env/data/testQuery10K.fbin",
  "dim": 100,
  "n_indexed": 9000,
  "n_queries": 1000,
  "topk": 10,
  "hnsw": {
    "M": 16,
    "efConstruction": 256,
    "efSearch": 256
  },
  "groups": {
    "G1_FAISS_direct": {
      "name": "G1_FAISS_direct",
      "build_ms": 254.83479100000005,
      "qps": 7264.567182535805,
      "batch_qps": 49011.79959075151,
      "batch_ms": 20.403249999999986,
      "p50_ms": 0.13645799999983943,
      "p95_ms": 0.1492080000000673,
      "p99_ms": 0.17587499999982548,
      "mean_ms": 0.13765444999999787,
      "recall_at_k": 0.9991,
      "errors": 0
    },
    "G3_Plasmod_vector_only": {
      "name": "G3_Plasmod_vector_only",
      "build_ms": 221.59312500000001,
      "qps": 3928.803542284707,
      "batch_qps": 0.0,
      "batch_ms": 254.53041599999997,
      "p50_ms": 0.188333,
      "p95_ms": 0.205625,
      "p99_ms": 0.253,
      "mean_ms": 0.190171779,
      "recall_at_k": 0.8102,
      "errors": 0
    },
    "G4_Plasmod_full": {
      "name": "G4_Plasmod_full",
      "build_ms": 221.704625,
      "qps": 20724.851687780105,
      "batch_qps": 0.0,
      "batch_ms": 48.251250000000006,
      "p50_ms": 0.044518329999999995,
      "p95_ms": 0.07184750000000001,
      "p99_ms": 0.07184750000000001,
      "mean_ms": 0.04683420900000014,
      "recall_at_k": 0.8102,
      "errors": 0
    }
  }
}