{
  "benchmark": "four_group",
  "dataset": "/Users/erwin/Downloads/codespace/Plasmod/plasmod_test_env/data/testQuery10K.fbin",
  "dim": 100,
  "n_indexed": 9000,
  "n_queries": 1000,
  "topk": 10,
  "hnsw": {
    "M": 16,
    "efConstruction": 256,
    "efSearch": 256
  },
  "groups": {
    "G1_FAISS_direct": {
      "name": "G1_FAISS_direct",
      "build_ms": 260.96212500000007,
      "qps": 7093.33406839185,
      "batch_qps": 52149.76724776611,
      "batch_ms": 19.175541000000074,
      "p50_ms": 0.13779200000008096,
      "p95_ms": 0.16070899999998112,
      "p99_ms": 0.22179200000005395,
      "mean_ms": 0.140977429000001,
      "recall_at_k": 0.999,
      "errors": 0
    },
    "G2_Knowhere_direct": {
      "name": "G2_Knowhere_direct",
      "build_ms": 177.64558299999987,
      "qps": 4652.946080976866,
      "batch_qps": 21159.841143762187,
      "batch_ms": 47.25933400000004,
      "p50_ms": 0.21191699999989488,
      "p95_ms": 0.24191700000009142,
      "p99_ms": 0.3036250000001406,
      "mean_ms": 0.21491759899999807,
      "recall_at_k": 0.9999,
      "errors": 0
    },
    "G3_Plasmod_vector_only": {
      "name": "G3_Plasmod_vector_only",
      "build_ms": 181.984333,
      "qps": 2627.4896331345526,
      "batch_qps": 0.0,
      "batch_ms": 380.59141600000004,
      "p50_ms": 0.198583,
      "p95_ms": 0.222125,
      "p99_ms": 0.249708,
      "mean_ms": 0.2007754209999999,
      "recall_at_k": null,
      "errors": 0
    },
    "G4_Plasmod_full": {
      "name": "G4_Plasmod_full",
      "build_ms": 0.0,
      "qps": 3.772095363291686,
      "batch_qps": 0.0,
      "batch_ms": 265104.6444189997,
      "p50_ms": 266.1085839999977,
      "p95_ms": 277.3953750000011,
      "p99_ms": 311.1957079999996,
      "mean_ms": 265.10464441899995,
      "recall_at_k": null,
      "errors": 0
    }
  }
}