{
  "benchmark": "four_group",
  "dataset": "/Users/erwin/Downloads/codespace/Plasmod/plasmod_test_env/data/testQuery10K.fbin",
  "dim": 100,
  "n_indexed": 9900,
  "n_queries": 100,
  "topk": 10,
  "hnsw": {
    "M": 16,
    "efConstruction": 256,
    "efSearch": 256
  },
  "groups": {
    "G1_FAISS_direct": {
      "name": "G1_FAISS_direct",
      "build_ms": 467.05645799999996,
      "qps": 6469.348517843314,
      "batch_qps": 32474.997499426245,
      "batch_ms": 3.0792919999999,
      "p50_ms": 0.14441699999989677,
      "p95_ms": 0.23166699999999096,
      "p99_ms": 0.3590420000000316,
      "mean_ms": 0.15457506999999593,
      "recall_at_k": 0.999,
      "errors": 0
    },
    "G2_Knowhere_direct": {
      "name": "G2_Knowhere_direct",
      "build_ms": 247.331792,
      "qps": 4203.96211658389,
      "batch_qps": 19736.840806787124,
      "batch_ms": 5.066666999999914,
      "p50_ms": 0.22812500000002345,
      "p95_ms": 0.31820900000001373,
      "p99_ms": 0.3670419999999286,
      "mean_ms": 0.23787084000000291,
      "recall_at_k": 1.0,
      "errors": 0
    },
    "G3_Plasmod_vector_only": {
      "name": "G3_Plasmod_vector_only",
      "build_ms": 244.086375,
      "qps": 335.1797548076298,
      "batch_qps": 0.0,
      "batch_ms": 298.347375,
      "p50_ms": 0.21229199999999998,
      "p95_ms": 0.289625,
      "p99_ms": 0.435375,
      "mean_ms": 0.22702994000000004,
      "recall_at_k": null,
      "errors": 0
    },
    "G4_Plasmod_full": {
      "name": "G4_Plasmod_full",
      "build_ms": 0.0,
      "qps": 3.712773976149901,
      "batch_qps": 0.0,
      "batch_ms": 26934.03925,
      "p50_ms": 278.8474999999999,
      "p95_ms": 339.67100000000005,
      "p99_ms": 341.63441699999987,
      "mean_ms": 269.3403925,
      "recall_at_k": null,
      "errors": 0
    }
  }
}