{
  "benchmark": "four_group",
  "dataset": "/Users/erwin/Downloads/codespace/Plasmod/plasmod_test_env/data/testQuery10K.fbin",
  "dim": 100,
  "n_indexed": 9000,
  "n_queries": 1000,
  "topk": 10,
  "hnsw": {
    "M": 16,
    "efConstruction": 256,
    "efSearch": 256
  },
  "groups": {
    "G1_FAISS_direct": {
      "name": "G1_FAISS_direct",
      "build_ms": 249.0094169999999,
      "qps": 7237.291126802676,
      "batch_qps": 44489.51133076677,
      "batch_ms": 22.47720799999997,
      "p50_ms": 0.13616699999996484,
      "p95_ms": 0.15295799999992532,
      "p99_ms": 0.18216600000009464,
      "mean_ms": 0.1381732449999955,
      "recall_at_k": 0.9994,
      "errors": 0
    },
    "G2_Knowhere_direct": {
      "name": "G2_Knowhere_direct",
      "build_ms": 187.50966599999995,
      "qps": 5083.341175234442,
      "batch_qps": 20742.90722216173,
      "batch_ms": 48.20924999999998,
      "p50_ms": 0.193874999999899,
      "p95_ms": 0.21958300000002318,
      "p99_ms": 0.2827499999999983,
      "mean_ms": 0.19672100799999503,
      "recall_at_k": 0.9998,
      "errors": 0
    },
    "G3_Plasmod_vector_only": {
      "name": "G3_Plasmod_vector_only",
      "build_ms": 203.753916,
      "qps": 2526.5237622717996,
      "batch_qps": 0.0,
      "batch_ms": 395.80075,
      "p50_ms": 0.18975,
      "p95_ms": 0.24566699999999997,
      "p99_ms": 0.317292,
      "mean_ms": 0.1985667129999999,
      "recall_at_k": null,
      "errors": 0
    },
    "G4_Plasmod_full": {
      "name": "G4_Plasmod_full",
      "build_ms": 0.0,
      "qps": 157.4122215322606,
      "batch_qps": 0.0,
      "batch_ms": 6352.74688500001,
      "p50_ms": 5.905457999999975,
      "p95_ms": 10.898749999999957,
      "p99_ms": 16.27041699999987,
      "mean_ms": 6.352746885000001,
      "recall_at_k": null,
      "errors": 0
    }
  }
}