{
  "benchmark": "four_group",
  "dataset": "/Users/erwin/Downloads/codespace/Plasmod/plasmod_test_env/data/testQuery10K.fbin",
  "dim": 100,
  "n_indexed": 9000,
  "n_queries": 1000,
  "topk": 10,
  "hnsw": {
    "M": 16,
    "efConstruction": 256,
    "efSearch": 256
  },
  "groups": {
    "G1_FAISS_direct": {
      "name": "G1_FAISS_direct",
      "build_ms": 249.23375000000004,
      "qps": 7167.001131497523,
      "batch_qps": 37518.58389256663,
      "batch_ms": 26.653457999999965,
      "p50_ms": 0.1379169999999874,
      "p95_ms": 0.153209000000043,
      "p99_ms": 0.18708300000014333,
      "mean_ms": 0.13952837199999912,
      "recall_at_k": 0.999,
      "errors": 0
    },
    "G2_Knowhere_direct": {
      "name": "G2_Knowhere_direct",
      "build_ms": 175.16483399999981,
      "qps": 6658.808828328784,
      "batch_qps": 32854.61422522665,
      "batch_ms": 30.437124999999952,
      "p50_ms": 0.1487079999999974,
      "p95_ms": 0.16412499999995944,
      "p99_ms": 0.19916699999988907,
      "mean_ms": 0.15017700999999706,
      "recall_at_k": 0.9971,
      "errors": 0
    },
    "G3_Plasmod_vector_only": {
      "name": "G3_Plasmod_vector_only",
      "build_ms": 205.35941699999998,
      "qps": 3174.473847546395,
      "batch_qps": 0.0,
      "batch_ms": 315.012833,
      "p50_ms": 0.14558400000000002,
      "p95_ms": 0.159708,
      "p99_ms": 0.18275,
      "mean_ms": 0.14694558000000008,
      "recall_at_k": null,
      "errors": 0
    },
    "G4_Plasmod_full": {
      "name": "G4_Plasmod_full",
      "build_ms": 31.126625,
      "qps": 9576.659825962786,
      "batch_qps": 0.0,
      "batch_ms": 104.420541,
      "p50_ms": 48.402541,
      "p95_ms": 80.510458,
      "p99_ms": 104.32104100000001,
      "mean_ms": 45.07017454599996,
      "recall_at_k": null,
      "errors": 1000
    }
  }
}