{
  "benchmark": "four_group",
  "dataset": "/Users/erwin/Downloads/codespace/Plasmod/plasmod_test_env/data/testQuery10K.fbin",
  "dim": 100,
  "n_indexed": 9000,
  "n_queries": 1000,
  "topk": 10,
  "hnsw": {
    "M": 16,
    "efConstruction": 256,
    "efSearch": 256
  },
  "groups": {
    "G1_FAISS_direct": {
      "name": "G1_FAISS_direct",
      "build_ms": 282.7226250000001,
      "qps": 7156.881307381761,
      "batch_qps": 45732.840180873245,
      "batch_ms": 21.866125000000068,
      "p50_ms": 0.13550000000006612,
      "p95_ms": 0.15474999999987027,
      "p99_ms": 0.24804199999994836,
      "mean_ms": 0.13972566500000183,
      "recall_at_k": 0.999,
      "errors": 0
    },
    "G2_Knowhere_direct": {
      "name": "G2_Knowhere_direct",
      "build_ms": 186.80504099999996,
      "qps": 4986.9403750885485,
      "batch_qps": 21584.3639759211,
      "batch_ms": 46.32983399999979,
      "p50_ms": 0.19758300000005669,
      "p95_ms": 0.22995800000003008,
      "p99_ms": 0.2771249999999892,
      "mean_ms": 0.20052375300000302,
      "recall_at_k": 0.9999,
      "errors": 0
    },
    "G3_Plasmod_vector_only": {
      "name": "G3_Plasmod_vector_only",
      "build_ms": 193.954917,
      "qps": 2341.734823756377,
      "batch_qps": 0.0,
      "batch_ms": 427.033834,
      "p50_ms": 0.18925,
      "p95_ms": 0.21329199999999998,
      "p99_ms": 0.257459,
      "mean_ms": 0.1916107709999999,
      "recall_at_k": null,
      "errors": 0
    },
    "G4_Plasmod_full": {
      "name": "G4_Plasmod_full",
      "build_ms": 0.0,
      "qps": 166.37953280659792,
      "batch_qps": 0.0,
      "batch_ms": 6010.354658000002,
      "p50_ms": 5.8032500000000375,
      "p95_ms": 9.969499999999965,
      "p99_ms": 12.989291000000236,
      "mean_ms": 6.010354657999998,
      "recall_at_k": null,
      "errors": 0
    }
  }
}