{
  "benchmark": "four_group",
  "dataset": "/Users/erwin/Downloads/codespace/Plasmod/plasmod_test_env/data/testQuery10K.fbin",
  "dim": 100,
  "n_indexed": 9000,
  "n_queries": 1000,
  "topk": 10,
  "hnsw": {
    "M": 16,
    "efConstruction": 256,
    "efSearch": 256
  },
  "groups": {
    "G1_FAISS_direct": {
      "name": "G1_FAISS_direct",
      "build_ms": 253.14179199999998,
      "qps": 7299.453997921195,
      "batch_qps": 48825.841056848876,
      "batch_ms": 20.48095800000005,
      "p50_ms": 0.136000000000136,
      "p95_ms": 0.1474159999999003,
      "p99_ms": 0.16308299999989728,
      "mean_ms": 0.13699654799999972,
      "recall_at_k": 0.999,
      "errors": 0
    },
    "G2_Knowhere_direct": {
      "name": "G2_Knowhere_direct",
      "build_ms": 161.65099999999998,
      "qps": 6647.953342802005,
      "batch_qps": 35290.27681940168,
      "batch_ms": 28.336417000000004,
      "p50_ms": 0.1495000000000246,
      "p95_ms": 0.16358299999996717,
      "p99_ms": 0.19816699999997134,
      "mean_ms": 0.15042223499999996,
      "recall_at_k": 0.9973,
      "errors": 0
    },
    "G3_Plasmod_vector_only": {
      "name": "G3_Plasmod_vector_only",
      "build_ms": 172.802833,
      "qps": 3211.0283874560946,
      "batch_qps": 0.0,
      "batch_ms": 311.426708,
      "p50_ms": 0.146708,
      "p95_ms": 0.167709,
      "p99_ms": 0.20829099999999998,
      "mean_ms": 0.1492640439999999,
      "recall_at_k": null,
      "errors": 0
    },
    "G4_Plasmod_full": {
      "name": "G4_Plasmod_full",
      "build_ms": 29.986542,
      "qps": 9301.006136338798,
      "batch_qps": 0.0,
      "batch_ms": 107.51525000000001,
      "p50_ms": 43.79,
      "p95_ms": 106.24866700000001,
      "p99_ms": 107.346083,
      "mean_ms": 44.830993753999984,
      "recall_at_k": null,
      "errors": 0
    }
  }
}