{
  "benchmark": "four_group",
  "dataset": "/Users/erwin/Downloads/codespace/Plasmod/plasmod_test_env/data/testQuery10K.fbin",
  "dim": 100,
  "n_indexed": 9000,
  "n_queries": 1000,
  "topk": 10,
  "hnsw": {
    "M": 16,
    "efConstruction": 256,
    "efSearch": 256
  },
  "groups": {
    "G1_FAISS_direct": {
      "name": "G1_FAISS_direct",
      "build_ms": 265.4714170000001,
      "qps": 7141.170041435094,
      "batch_qps": 45708.888408741994,
      "batch_ms": 21.8775830000002,
      "p50_ms": 0.13700000000005375,
      "p95_ms": 0.1547079999999479,
      "p99_ms": 0.2275419999999695,
      "mean_ms": 0.14003307499999518,
      "recall_at_k": 0.9991,
      "errors": 0
    },
    "G2_Knowhere_direct": {
      "name": "G2_Knowhere_direct",
      "build_ms": 191.30108300000015,
      "qps": 5014.924415059271,
      "batch_qps": 22236.016953006158,
      "batch_ms": 44.972083,
      "p50_ms": 0.19366700000000847,
      "p95_ms": 0.2374579999999682,
      "p99_ms": 0.31808300000002454,
      "mean_ms": 0.19940479999999794,
      "recall_at_k": 0.9999,
      "errors": 0
    },
    "G3_Plasmod_vector_only": {
      "name": "G3_Plasmod_vector_only",
      "build_ms": 197.75420799999998,
      "qps": 2230.8263956956207,
      "batch_qps": 0.0,
      "batch_ms": 448.264375,
      "p50_ms": 0.18820800000000001,
      "p95_ms": 0.22725,
      "p99_ms": 0.29554199999999997,
      "mean_ms": 0.19336207800000016,
      "recall_at_k": null,
      "errors": 0
    },
    "G4_Plasmod_full": {
      "name": "G4_Plasmod_full",
      "build_ms": 0.0,
      "qps": 160.33302783472874,
      "batch_qps": 0.0,
      "batch_ms": 6237.018120999996,
      "p50_ms": 5.826458000000034,
      "p95_ms": 10.48424999999975,
      "p99_ms": 15.709000000000195,
      "mean_ms": 6.237018120999991,
      "recall_at_k": null,
      "errors": 0
    }
  }
}