{
  "benchmark": "four_group",
  "dataset": "/Users/erwin/Downloads/codespace/Plasmod/plasmod_test_env/data/testQuery10K.fbin",
  "dim": 100,
  "n_indexed": 9000,
  "n_queries": 1000,
  "topk": 10,
  "hnsw": {
    "M": 16,
    "efConstruction": 256,
    "efSearch": 256
  },
  "groups": {
    "G1_FAISS_direct": {
      "name": "G1_FAISS_direct",
      "build_ms": 259.954542,
      "qps": 7249.770965235392,
      "batch_qps": 48793.083560888066,
      "batch_ms": 20.494707999999974,
      "p50_ms": 0.13666700000003473,
      "p95_ms": 0.15033300000011351,
      "p99_ms": 0.1791669999999801,
      "mean_ms": 0.13793539200000526,
      "recall_at_k": 0.9993,
      "errors": 0
    },
    "G2_Knowhere_direct": {
      "name": "G2_Knowhere_direct",
      "build_ms": 190.3075409999999,
      "qps": 3911.2111421612362,
      "batch_qps": 19865.329751164103,
      "batch_ms": 50.33895799999999,
      "p50_ms": 0.21566699999997496,
      "p95_ms": 0.37904199999982957,
      "p99_ms": 1.0852080000001152,
      "mean_ms": 0.25567527900000453,
      "recall_at_k": 0.9998,
      "errors": 0
    },
    "G3_Plasmod_vector_only": {
      "name": "G3_Plasmod_vector_only",
      "build_ms": 191.884166,
      "qps": 2623.6039990053077,
      "batch_qps": 0.0,
      "batch_ms": 381.155083,
      "p50_ms": 0.199041,
      "p95_ms": 0.224833,
      "p99_ms": 0.263875,
      "mean_ms": 0.20186430800000002,
      "recall_at_k": null,
      "errors": 0
    },
    "G4_Plasmod_full": {
      "name": "G4_Plasmod_full",
      "build_ms": 0.0,
      "qps": 3.6535321295452103,
      "batch_qps": 0.0,
      "batch_ms": 273707.73392500024,
      "p50_ms": 272.84479199999987,
      "p95_ms": 296.2564590000003,
      "p99_ms": 312.993917,
      "mean_ms": 273.70773392499996,
      "recall_at_k": null,
      "errors": 0
    }
  }
}