{
  "benchmark": "four_group",
  "dataset": "/Users/erwin/Downloads/codespace/Plasmod/plasmod_test_env/data/testQuery10K.fbin",
  "dim": 100,
  "n_indexed": 9000,
  "n_queries": 1000,
  "topk": 10,
  "hnsw": {
    "M": 16,
    "efConstruction": 256,
    "efSearch": 256
  },
  "groups": {
    "G1_FAISS_direct": {
      "name": "G1_FAISS_direct",
      "build_ms": 260.007042,
      "qps": 7191.995631063928,
      "batch_qps": 48121.16910380331,
      "batch_ms": 20.78087500000003,
      "p50_ms": 0.13683300000000287,
      "p95_ms": 0.1547920000000147,
      "p99_ms": 0.19425000000006243,
      "mean_ms": 0.13904346600000206,
      "recall_at_k": 0.9993,
      "errors": 0
    },
    "G2_Knowhere_direct": {
      "name": "G2_Knowhere_direct",
      "build_ms": 207.380417,
      "qps": 5120.029543799201,
      "batch_qps": 22379.813408305625,
      "batch_ms": 44.68312500000016,
      "p50_ms": 0.19020800000002502,
      "p95_ms": 0.22520800000003227,
      "p99_ms": 0.31708299999988476,
      "mean_ms": 0.1953113730000029,
      "recall_at_k": 0.9998,
      "errors": 0
    },
    "G3_Plasmod_vector_only": {
      "name": "G3_Plasmod_vector_only",
      "build_ms": 190.010375,
      "qps": 1848.8877800163887,
      "batch_qps": 0.0,
      "batch_ms": 540.8657089999999,
      "p50_ms": 0.186084,
      "p95_ms": 0.24745799999999998,
      "p99_ms": 0.43504200000000004,
      "mean_ms": 0.19804991899999974,
      "recall_at_k": null,
      "errors": 0
    },
    "G4_Plasmod_full": {
      "name": "G4_Plasmod_full",
      "build_ms": 0.0,
      "qps": 147.4889756691898,
      "batch_qps": 0.0,
      "batch_ms": 6780.167775000002,
      "p50_ms": 6.346957999999958,
      "p95_ms": 12.126499999999929,
      "p99_ms": 15.91858299999993,
      "mean_ms": 6.780167774999998,
      "recall_at_k": null,
      "errors": 0
    }
  }
}